symbol,symboltoken,pdh,pdl,dir,open,perc,is_gap,min,max,o_qty,ltp
HDFC-EQ,1330.0,2785.0,2761.0,1,2810.0,0.009,True,2761.0,2810.0,35,2789.5
EASEMYTRIP-EQ,2792.0,42.7,41.85,-1,41.5,0.0084,True,41.5,42.7,2409,40.9
KNRCON-EQ,15283.0,242.4,237.5,1,244.0,0.0066,True,237.5,244.0,409,243.95
AEGISCHEM-EQ,40.0,325.95,322.5,1,327.85,0.0058,True,322.5,327.85,305,325.55
COROMANDEL-EQ,739.0,945.0,933.5,1,950.1,0.0054,True,933.5,950.1,105,950.3
WIPRO-EQ,3787.0,383.75,380.8,1,385.0,0.0033,True,380.8,385.0,259,384.45
L&TFH-EQ,24948.0,124.0,121.25,1,124.4,0.0032,True,121.25,124.4,803,124.0
TATACONSUM-EQ,3432.0,860.0,851.0,-1,850.05,0.0011,True,850.05,860.0,117,850.3
SBIN-EQ,3045.0,574.0,568.55,1,574.0,0.0,False,568.55,574.0,174,572.55
KOTAKBANK-EQ,1922.0,1848.1,1829.4,1,1847.9,-0.0001,False,1829.4,1848.1,54,1845.45
EICHERMOT-EQ,910.0,3569.9,3537.9,-1,3542.05,-0.0012,False,3537.9,3569.9,28,3536.9
BALAMINES-EQ,14501.0,2356.0,2322.0,1,2352.45,-0.0015,False,2322.0,2356.0,42,2345.45
VOLTAS-EQ,3718.0,766.7,758.8,-1,759.95,-0.0015,False,758.8,766.7,131,761.3
VIPIND-EQ,3703.0,620.95,608.5,1,620.0,-0.0015,False,608.5,620.95,161,615.75
NATIONALUM-EQ,6364.0,82.95,81.75,1,82.8,-0.0018,False,81.75,82.95,1207,82.15
TATAINVEST-EQ,1621.0,2353.45,2313.0,1,2348.95,-0.0019,False,2313.0,2353.45,42,2338.3
GNFC-EQ,1174.0,593.2,584.0,1,592.0,-0.002,False,584.0,593.2,168,590.7
IOB-EQ,9348.0,24.15,23.9,1,24.1,-0.0021,False,23.9,24.15,4149,24.1
JKCEMENT-EQ,13270.0,3466.3,3395.0,-1,3402.4,-0.0022,False,3395.0,3466.3,29,3428.0
ALKYLAMINE-EQ,4487.0,2665.0,2641.05,1,2658.8,-0.0023,False,2641.05,2665.0,37,2669.8
CIEINDIA-EQ,14937.0,521.3,512.85,1,520.0,-0.0025,False,512.85,521.3,192,518.55
RCF-EQ,2866.0,111.0,109.5,1,110.7,-0.0027,False,109.5,111.0,903,110.7
IRFC-EQ,2029.0,32.85,32.5,1,32.75,-0.003,False,32.5,32.85,3053,32.7
HCLTECH-EQ,7229.0,1173.95,1166.5,1,1170.35,-0.0031,False,1166.5,1173.95,85,1168.0
GODFRYPHLP-EQ,1181.0,1655.0,1632.55,1,1649.85,-0.0031,False,1632.55,1655.0,60,1652.25
WESTLIFE-EQ,11580.0,865.0,854.0,1,862.2,-0.0032,False,854.0,865.0,115,857.0
INGERRAND-EQ,1597.0,2990.0,2932.0,1,2980.0,-0.0033,False,2932.0,2990.0,33,2953.6
INDIANB-EQ,14309.0,280.95,276.35,1,280.0,-0.0034,False,276.35,280.95,357,280.0
BAJAJ-AUTO-EQ,16669.0,4740.0,4620.1,-1,4636.0,-0.0034,False,4620.1,4740.0,21,4655.0
IRCTC-EQ,13611.0,634.5,626.55,1,632.25,-0.0035,False,626.55,634.5,158,631.55
HINDALCO-EQ,1363.0,421.55,418.35,-1,419.85,-0.0036,False,418.35,421.55,238,417.0
ICICIBANK-EQ,4963.0,944.0,934.3,1,940.5,-0.0037,False,934.3,944.0,106,937.6
IRB-EQ,15313.0,27.3,26.95,1,27.2,-0.0037,False,26.95,27.3,3676,27.25
UCOBANK-EQ,11223.0,26.95,26.55,1,26.85,-0.0037,False,26.55,26.95,3724,26.85
AUBANK-EQ,21238.0,756.9,742.55,1,754.0,-0.0038,False,742.55,756.9,132,749.4
THERMAX-EQ,3475.0,2249.25,2218.15,1,2240.4,-0.0039,False,2218.15,2249.25,44,2247.5
CGPOWER-EQ,760.0,377.8,371.3,1,376.25,-0.0041,False,371.3,377.8,265,376.55
PVRINOX-EQ,13147.0,1399.0,1376.65,1,1392.95,-0.0043,False,1376.65,1399.0,71,1386.85
OBEROIRLTY-EQ,20242.0,992.0,975.0,1,987.7,-0.0043,False,975.0,992.0,101,987.55
HINDZINC-EQ,1424.0,309.35,305.9,1,308.0,-0.0044,False,305.9,309.35,324,306.8
RAMCOCEM-EQ,2043.0,942.05,930.95,1,937.95,-0.0044,False,930.95,942.05,106,933.0
KSB-EQ,1949.0,2168.0,2143.0,1,2158.1,-0.0046,False,2143.0,2168.0,46,2161.5
IDFC-EQ,11957.0,103.5,101.45,1,103.0,-0.0048,False,101.45,103.5,970,102.45
CASTROLIND-EQ,1250.0,122.6,120.85,1,122.0,-0.0049,False,120.85,122.6,819,122.4
INDIGOPNTS-EQ,2048.0,1435.0,1418.0,-1,1425.0,-0.0049,False,1418.0,1435.0,70,1430.95
MSUMI-EQ,8596.0,57.2,56.45,1,56.9,-0.0052,False,56.45,57.2,1757,56.7
PETRONET-EQ,11351.0,221.5,219.4,1,220.35,-0.0052,False,219.4,221.5,453,220.3
CSBBANK-EQ,14966.0,283.5,279.2,1,282.0,-0.0053,False,279.2,283.5,354,281.4
POLYPLEX-EQ,2687.0,1325.95,1310.0,1,1318.9,-0.0053,False,1310.0,1325.95,75,1318.6
GUJGASLTD-EQ,10599.0,469.8,464.85,-1,467.4,-0.0055,False,464.85,469.8,213,467.95
LUXIND-EQ,11301.0,1514.65,1494.0,1,1506.1,-0.0056,False,1494.0,1514.65,66,1507.75
JKLAKSHMI-EQ,13491.0,735.55,720.05,1,731.45,-0.0056,False,720.05,735.55,136,729.45
IDBI-EQ,1476.0,54.05,53.45,1,53.75,-0.0056,False,53.45,54.05,1860,53.85
VEDL-EQ,3063.0,281.55,279.0,1,279.95,-0.0057,False,279.0,281.55,357,279.9
TATAPOWER-EQ,3426.0,220.95,217.55,1,219.7,-0.0057,False,217.55,220.95,455,219.2
CIPLA-EQ,694.0,1018.5,1004.05,-1,1009.9,-0.0058,False,1004.05,1018.5,99,1012.25
BATAINDIA-EQ,371.0,1675.0,1658.9,1,1665.0,-0.006,False,1658.9,1675.0,60,1673.0
STLTECH-EQ,9309.0,148.9,146.25,1,148.0,-0.006,False,146.25,148.9,675,147.2
ABFRL-EQ,30108.0,214.8,211.85,1,213.5,-0.0061,False,211.85,214.8,468,214.7
GOCOLORS-EQ,6964.0,1145.0,1121.0,1,1138.0,-0.0061,False,1121.0,1145.0,87,1139.95
BALRAMCHIN-EQ,341.0,385.35,380.0,1,383.0,-0.0061,False,380.0,385.35,261,382.9
BRITANNIA-EQ,547.0,5019.95,4959.9,-1,4990.2,-0.0061,False,4959.9,5019.95,20,4997.9
NMDC-EQ,15332.0,105.6,104.3,1,104.95,-0.0062,False,104.3,105.6,952,104.6
NAUKRI-EQ,13751.0,4504.25,4404.6,-1,4432.0,-0.0062,False,4404.6,4504.25,22,4436.7
AVANTIFEED-EQ,7936.0,393.3,387.6,-1,390.0,-0.0062,False,387.6,393.3,256,390.95
IGL-EQ,11262.0,478.45,471.05,1,475.5,-0.0062,False,471.05,478.45,210,475.6
TATASTEEL-EQ,3499.0,112.05,110.9,-1,111.6,-0.0063,False,110.9,112.05,896,110.95
GRASIM-EQ,1232.0,1754.7,1734.0,-1,1745.0,-0.0063,False,1734.0,1754.7,57,1742.3
LEMONTREE-EQ,2606.0,94.8,92.75,1,94.2,-0.0063,False,92.75,94.8,1061,94.15
VINATIORGA-EQ,17364.0,1851.65,1826.0,1,1839.85,-0.0064,False,1826.0,1851.65,54,1835.15
MAHLOG-EQ,385.0,383.15,376.7,1,380.6,-0.0067,False,376.7,383.15,262,380.0
NAZARA-EQ,2987.0,703.7,687.0,1,698.9,-0.0068,False,687.0,703.7,143,698.65
TEJASNET-EQ,21131.0,735.0,723.05,1,729.9,-0.0069,False,723.05,735.0,137,729.75
SHARDACROP-EQ,4992.0,563.9,550.0,1,559.95,-0.007,False,550.0,563.9,178,553.8
CHOLAHLDNG-EQ,21740.0,923.55,906.05,1,917.0,-0.0071,False,906.05,923.55,109,915.85
TATAELXSI-EQ,3411.0,7678.1,7552.0,1,7623.0,-0.0072,False,7552.0,7678.1,13,7640.0
MTARTECH-EQ,2709.0,1948.0,1910.0,1,1934.0,-0.0072,False,1910.0,1948.0,51,1931.35
AARTIIND-EQ,7.0,511.7,504.7,1,508.0,-0.0072,False,504.7,511.7,196,508.45
SUNTV-EQ,13404.0,439.6,432.5,1,436.45,-0.0072,False,432.5,439.6,229,435.7
KEC-EQ,13260.0,559.6,549.55,-1,553.55,-0.0072,False,549.55,559.6,180,555.5
GSFC-EQ,1247.0,164.2,161.5,1,163.0,-0.0073,False,161.5,164.2,613,162.95
SANOFI-EQ,1442.0,6969.45,6860.0,-1,6910.4,-0.0073,False,6860.0,6969.45,14,6934.85
BALKRISIND-EQ,335.0,2378.7,2341.85,1,2361.45,-0.0073,False,2341.85,2378.7,42,2376.7
SRF-EQ,3273.0,2332.0,2299.0,1,2314.8,-0.0074,False,2299.0,2332.0,43,2322.35
MCDOWELL-N-EQ,10447.0,921.9,910.8,1,915.0,-0.0075,False,910.8,921.9,109,917.35
DABUR-EQ,772.0,575.9,568.7,-1,573.0,-0.0075,False,568.7,575.9,174,572.25
HEROMOTOCO-EQ,1348.0,2861.35,2795.0,1,2839.95,-0.0075,False,2795.0,2861.35,35,2848.5
CROMPTON-EQ,17094.0,291.5,286.5,1,289.3,-0.0075,False,286.5,291.5,345,290.65
CRAFTSMAN-EQ,2854.0,4100.0,4035.0,1,4069.45,-0.0075,False,4035.0,4100.0,24,4055.0
NESTLEIND-EQ,17963.0,22800.0,22580.0,-1,22750.0,-0.0075,False,22580.0,22800.0,4,22709.2
BLUEDART-EQ,495.0,7239.0,7180.0,1,7185.0,-0.0075,False,7180.0,7239.0,13,7150.0
SAIL-EQ,2963.0,86.05,85.1,1,85.4,-0.0076,False,85.1,86.05,1170,85.4
ACI-EQ,12024.0,544.7,529.8,1,540.5,-0.0077,False,529.8,544.7,185,542.3
LICHSGFIN-EQ,1997.0,397.95,391.75,1,394.9,-0.0077,False,391.75,397.95,253,395.8
SUPREMEIND-EQ,3363.0,3142.35,3070.8,-1,3095.05,-0.0078,False,3070.8,3142.35,32,3159.05
BHARATFORG-EQ,422.0,823.4,813.5,1,817.0,-0.0078,False,813.5,823.4,122,823.0
M&M-EQ,2031.0,1413.75,1390.15,1,1402.65,-0.0079,False,1390.15,1413.75,71,1408.0
IBULHSGFIN-EQ,30125.0,117.95,115.45,1,117.0,-0.0081,False,115.45,117.95,854,117.45
NSLNISP-EQ,14180.0,43.45,42.4,1,43.1,-0.0081,False,42.4,43.45,2320,43.35
PERSISTENT-EQ,18365.0,4928.35,4860.0,1,4888.0,-0.0082,False,4860.0,4928.35,20,4882.5
DIVISLAB-EQ,10940.0,3631.7,3585.05,-1,3615.0,-0.0083,False,3585.05,3631.7,27,3629.55
BSOFT-EQ,6994.0,356.0,347.6,1,353.05,-0.0083,False,347.6,356.0,283,352.8
TCS-EQ,11536.0,3230.95,3193.4,-1,3220.0,-0.0083,False,3193.4,3230.95,31,3220.8
BRIGADE-EQ,15184.0,591.85,576.05,1,586.9,-0.0084,False,576.05,591.85,170,582.25
BAJFINANCE-EQ,317.0,7125.0,7040.0,-1,7100.0,-0.0085,False,7040.0,7125.0,14,7103.75
DIXON-EQ,21690.0,4427.0,4349.85,1,4389.3,-0.0085,False,4349.85,4427.0,22,4385.9
OIL-EQ,17438.0,245.5,241.1,1,243.4,-0.0086,False,241.1,245.5,410,243.35
GAIL-EQ,4717.0,104.85,103.5,1,103.95,-0.0086,False,103.5,104.85,962,103.9
COLPAL-EQ,15141.0,1705.0,1678.0,1,1690.3,-0.0086,False,1678.0,1705.0,59,1682.2
GARFIBRES-EQ,1100.0,3159.4,3090.0,-1,3116.75,-0.0086,False,3090.0,3159.4,32,3114.8
ITI-EQ,1675.0,108.95,107.6,1,108.0,-0.0087,False,107.6,108.95,925,108.3
NHPC-EQ,17400.0,46.05,45.15,1,45.65,-0.0087,False,45.15,46.05,2190,45.75
OLECTRA-EQ,10637.0,969.0,944.0,1,960.5,-0.0088,False,944.0,969.0,104,963.0
NAM-INDIA-EQ,357.0,262.3,254.95,1,260.0,-0.0088,False,254.95,262.3,384,265.75
ASIANPAINT-EQ,236.0,3355.25,3323.5,-1,3353.0,-0.0088,False,3323.5,3355.25,29,3389.45
ESCORTS-EQ,958.0,2214.95,2185.5,1,2195.0,-0.009,False,2185.5,2214.95,45,2190.05
CRISIL-EQ,757.0,3885.0,3806.25,1,3850.0,-0.009,False,3806.25,3885.0,25,3841.3
HINDUNILVR-EQ,1394.0,2687.6,2642.0,-1,2665.95,-0.009,False,2642.0,2687.6,37,2674.0
PRINCEPIPE-EQ,16045.0,671.0,659.55,1,664.9,-0.0091,False,659.55,671.0,150,667.6
GODREJAGRO-EQ,144.0,455.9,450.1,-1,454.25,-0.0091,False,450.1,455.9,220,453.75
BAJAJFINSV-EQ,16675.0,1535.0,1515.8,1,1521.0,-0.0091,False,1515.8,1535.0,65,1522.15
AJANTPHARM-EQ,8124.0,1500.65,1475.0,1,1486.95,-0.0091,False,1475.0,1500.65,67,1491.7
SCHAEFFLER-EQ,1011.0,3108.95,3040.05,1,3080.05,-0.0093,False,3040.05,3108.95,32,3081.0
APOLLOHOSP-EQ,157.0,5175.95,5116.15,1,5128.0,-0.0093,False,5116.15,5175.95,19,5102.7
JBCHEPHARM-EQ,1726.0,2359.7,2320.1,-1,2342.05,-0.0094,False,2320.1,2359.7,42,2353.9
FORTIS-EQ,14592.0,307.95,303.4,1,305.05,-0.0094,False,303.4,307.95,327,304.65
JMFINANCIL-EQ,13637.0,73.45,71.8,1,72.75,-0.0095,False,71.8,73.45,1374,72.35
AMBUJACEM-EQ,1270.0,441.8,431.85,-1,436.0,-0.0095,False,431.85,441.8,229,437.8
UNIONBANK-EQ,10753.0,71.7,70.45,1,71.0,-0.0098,False,70.45,71.7,1408,70.95
MRF-EQ,2277.0,100699.85,99600.0,-1,100598.0,-0.0099,False,99600.0,100699.85,0,100551.0
CENTURYTEX-EQ,625.0,801.75,794.15,-1,802.15,-0.01,False,794.15,802.15,124,810.5
EXIDEIND-EQ,676.0,235.35,231.1,1,233.0,-0.01,False,231.1,235.35,429,233.2
SHRIRAMFIN-EQ,4306.0,1718.35,1689.15,1,1701.1,-0.01,False,1689.15,1718.35,58,1717.3
SKFINDIA-EQ,3186.0,5050.8,4954.0,1,5000.0,-0.0101,False,4954.0,5050.8,20,4990.05
SHOPERSTOP-EQ,11813.0,806.95,786.0,-1,794.0,-0.0101,False,786.0,806.95,125,793.5
AFFLE-EQ,11343.0,1107.9,1085.0,1,1096.7,-0.0101,False,1085.0,1107.9,91,1093.0
LATENTVIEW-EQ,6818.0,352.8,345.0,1,349.2,-0.0102,False,345.0,352.8,286,349.2
BSE-EQ,19585.0,624.3,611.1,-1,617.4,-0.0102,False,611.1,624.3,161,615.8
RALLIS-EQ,2816.0,196.9,194.15,1,194.9,-0.0102,False,194.15,196.9,513,195.5
SOBHA-EQ,13826.0,535.65,527.0,-1,532.5,-0.0103,False,527.0,535.65,187,536.0
AXISBANK-EQ,5900.0,984.0,967.0,-1,977.1,-0.0103,False,967.0,984.0,102,979.15
UPL-EQ,11287.0,682.0,674.0,-1,681.0,-0.0103,False,674.0,682.0,146,683.65
ZYDUSWELL-EQ,17635.0,1505.25,1475.2,1,1489.8,-0.0103,False,1475.2,1505.25,67,1485.45
BBTC-EQ,380.0,1039.9,1022.8,1,1029.05,-0.0104,False,1022.8,1039.9,97,1030.0
RENUKA-EQ,12026.0,43.6,43.0,-1,43.45,-0.0104,False,43.0,43.6,2301,43.6
RVNL-EQ,9552.0,124.85,122.7,1,123.55,-0.0104,False,122.7,124.85,809,122.95
GMMPFAUDLR-EQ,1570.0,1516.95,1494.25,1,1501.0,-0.0105,False,1494.25,1516.95,66,1503.6
VAIBHAVGBL-EQ,11364.0,314.35,307.0,1,311.05,-0.0105,False,307.0,314.35,321,310.55
CGCL-EQ,20329.0,774.9,756.3,-1,764.4,-0.0106,False,756.3,774.9,130,764.05
RELAXO-EQ,24225.0,910.7,896.15,1,900.95,-0.0107,False,896.15,910.7,110,908.6
PNB-EQ,10666.0,51.1,50.3,1,50.55,-0.0108,False,50.3,51.1,1978,50.6
UFLEX-EQ,1053.0,418.0,412.0,-1,416.5,-0.0108,False,412.0,418.0,240,415.45
TECHM-EQ,13538.0,1126.95,1104.7,1,1114.65,-0.0109,False,1104.7,1126.95,89,1112.65
BDL-EQ,2144.0,1100.85,1087.05,-1,1099.0,-0.0109,False,1087.05,1100.85,90,1096.0
NETWORK18-EQ,14111.0,63.8,62.4,1,63.1,-0.011,False,62.4,63.8,1584,63.2
TTML-EQ,8954.0,72.75,71.3,1,71.95,-0.011,False,71.3,72.75,1389,71.9
GRANULES-EQ,11872.0,302.6,295.0,-1,298.3,-0.0111,False,295.0,302.6,335,298.3
MASTEK-EQ,2124.0,1939.7,1907.1,1,1918.0,-0.0112,False,1907.1,1939.7,52,1923.0
3MINDIA-EQ,474.0,27800.0,27100.05,1,27489.9,-0.0112,False,27100.05,27800.0,3,27282.4
BOSCHLTD-EQ,2181.0,18790.0,18510.0,-1,18721.4,-0.0113,False,18510.0,18790.0,5,18799.9
VBL-EQ,18921.0,806.2,789.0,1,797.0,-0.0114,False,789.0,806.2,125,799.45
LICI-EQ,9480.0,622.75,615.0,-1,622.1,-0.0114,False,615.0,622.75,160,622.15
BERGEPAINT-EQ,404.0,683.0,673.5,1,675.15,-0.0115,False,673.5,683.0,148,678.95
ENGINERSIN-EQ,4907.0,117.35,114.85,1,116.0,-0.0115,False,114.85,117.35,862,115.9
POONAWALLA-EQ,11403.0,347.0,342.1,-1,346.1,-0.0116,False,342.1,347.0,288,346.6
GRINDWELL-EQ,13560.0,2298.55,2245.9,1,2272.0,-0.0116,False,2245.9,2298.55,44,2268.25
ZEEL-EQ,3812.0,179.9,176.5,1,177.8,-0.0117,False,176.5,179.9,562,178.35
PAGEIND-EQ,14413.0,38237.25,37361.9,1,37790.0,-0.0117,False,37361.9,38237.25,2,37695.9
BHEL-EQ,438.0,85.8,84.5,-1,85.5,-0.0117,False,84.5,85.8,1169,85.15
GESHIP-EQ,13776.0,755.0,737.5,-1,746.25,-0.0117,False,737.5,755.0,134,750.3
HAPPSTMNDS-EQ,48.0,968.85,949.0,1,957.55,-0.0117,False,949.0,968.85,104,960.0
ADANIPOWER-EQ,17388.0,258.85,253.0,-1,256.0,-0.0117,False,253.0,258.85,390,256.3
KFINTECH-EQ,13359.0,351.15,341.3,1,347.0,-0.0118,False,341.3,351.15,288,354.0
KAJARIACER-EQ,1808.0,1294.95,1260.0,-1,1275.0,-0.0118,False,1260.0,1294.95,78,1278.35
HAVELLS-EQ,9819.0,1300.0,1280.95,-1,1296.45,-0.012,False,1280.95,1300.0,77,1302.5
JKPAPER-EQ,11860.0,326.5,321.1,-1,325.0,-0.012,False,321.1,326.5,307,324.45
LTTS-EQ,18564.0,3898.0,3832.75,1,3851.0,-0.0121,False,3832.75,3898.0,25,3878.35
PPLPHARMA-EQ,11571.0,91.2,90.1,-1,91.2,-0.0121,False,90.1,91.2,1096,91.15
ITC-EQ,1660.0,450.6,444.5,-1,450.0,-0.0122,False,444.5,450.6,222,450.8
PIDILITIND-EQ,2664.0,2634.35,2590.0,1,2602.1,-0.0122,False,2590.0,2634.35,38,2612.1
LAURUSLABS-EQ,19234.0,369.8,361.3,1,365.3,-0.0122,False,361.3,369.8,273,365.75
PAYTM-EQ,6705.0,862.5,843.35,1,852.0,-0.0122,False,843.35,862.5,117,856.5
LINDEINDIA-EQ,1627.0,4389.85,4320.0,1,4336.25,-0.0122,False,4320.0,4389.85,23,4379.4
SBILIFE-EQ,21808.0,1312.6,1285.0,-1,1301.05,-0.0123,False,1285.0,1312.6,76,1305.05
BIOCON-EQ,11373.0,245.8,243.55,-1,246.6,-0.0124,False,243.55,246.6,405,248.2
CANBK-EQ,10794.0,299.7,295.6,-1,299.3,-0.0124,False,295.6,299.7,334,298.0
MMTC-EQ,17957.0,32.2,31.55,1,31.8,-0.0124,False,31.55,32.2,3144,31.9
LT-EQ,11483.0,2432.9,2390.05,-1,2420.0,-0.0124,False,2390.05,2432.9,41,2432.55
ATUL-EQ,263.0,7028.0,6925.0,1,6940.0,-0.0125,False,6925.0,7028.0,14,6961.4
EMAMILTD-EQ,13517.0,420.45,411.0,1,415.2,-0.0125,False,411.0,420.45,240,415.1
HOMEFIRST-EQ,2056.0,796.0,775.15,-1,785.0,-0.0125,False,775.15,796.0,127,794.0
ASTRAL-EQ,14418.0,1986.2,1960.0,-1,1985.0,-0.0126,False,1960.0,1986.2,50,1987.4
TCI-EQ,10580.0,735.0,715.75,-1,724.9,-0.0126,False,715.75,735.0,137,723.25
COFORGE-EQ,11543.0,4737.6,4649.0,1,4677.95,-0.0126,False,4649.0,4737.6,21,4692.85
DLF-EQ,14732.0,488.0,483.6,-1,489.8,-0.0127,False,483.6,489.8,204,490.4
TATAMTRDVR-EQ,16965.0,315.75,307.5,-1,311.5,-0.0128,False,307.5,315.75,321,312.3
CEATLTD-EQ,15254.0,2101.0,2074.1,1,2073.95,-0.0129,False,2073.95,2101.0,48,2075.0
HUDCO-EQ,20825.0,58.15,57.1,1,57.4,-0.0129,False,57.1,58.15,1742,57.55
NOCIL-EQ,2442.0,219.35,216.25,1,216.5,-0.013,False,216.25,219.35,461,218.0
CHAMBLFERT-EQ,637.0,278.0,270.4,1,274.35,-0.0131,False,270.4,278.0,364,273.25
MEDANTA-EQ,11956.0,664.8,646.85,1,655.9,-0.0134,False,646.85,664.8,152,657.5
TATACHEM-EQ,3405.0,1015.65,993.05,1,1002.0,-0.0134,False,993.05,1015.65,99,1000.65
PRSMJOHNSN-EQ,2739.0,126.9,125.35,1,125.2,-0.0134,False,125.2,126.9,798,126.2
ICICIGI-EQ,21770.0,1337.95,1314.2,-1,1332.0,-0.0134,False,1314.2,1337.95,75,1330.55
PRESTIGE-EQ,20302.0,585.7,573.55,1,577.8,-0.0135,False,573.55,585.7,173,581.65
ECLERX-EQ,15179.0,1720.0,1681.05,1,1696.8,-0.0135,False,1681.05,1720.0,58,1705.5
CAMPUS-EQ,9362.0,317.7,312.55,1,313.4,-0.0135,False,312.55,317.7,319,313.85
DEEPAKFERT-EQ,827.0,571.7,560.0,1,564.0,-0.0135,False,560.0,571.7,177,564.95
EIHOTEL-EQ,919.0,211.0,207.0,1,208.15,-0.0135,False,207.0,211.0,480,209.2
MUTHOOTFIN-EQ,23650.0,1251.85,1232.3,-1,1249.35,-0.0136,False,1232.3,1251.85,80,1243.75
ANGELONE-EQ,324.0,1743.95,1695.5,1,1720.2,-0.0136,False,1695.5,1743.95,58,1708.5
CLEAN-EQ,5049.0,1395.0,1375.0,-1,1394.0,-0.0136,False,1375.0,1395.0,71,1392.0
RBLBANK-EQ,18391.0,176.85,173.2,-1,175.6,-0.0137,False,173.2,176.85,569,176.0
JSWENERGY-EQ,17869.0,274.35,268.6,-1,272.45,-0.0141,False,268.6,274.35,367,272.15
MARICO-EQ,4067.0,530.5,521.05,1,523.0,-0.0141,False,521.05,530.5,191,526.3
BAYERCROP-EQ,17927.0,4359.95,4311.0,-1,4373.0,-0.0142,False,4311.0,4373.0,22,4357.3
UBL-EQ,16713.0,1508.7,1490.6,-1,1512.0,-0.0142,False,1490.6,1512.0,66,1508.0
ULTRACEMCO-EQ,11532.0,8318.8,8182.0,-1,8299.95,-0.0142,False,8182.0,8318.8,12,8285.0
ASAHIINDIA-EQ,5378.0,490.35,479.0,-1,485.9,-0.0142,False,479.0,490.35,205,484.4
REDINGTON-EQ,14255.0,189.5,186.0,1,186.8,-0.0142,False,186.0,189.5,535,185.4
SUMICHEM-EQ,17105.0,442.0,434.7,-1,441.0,-0.0143,False,434.7,442.0,226,438.35
BAJAJHLDNG-EQ,305.0,7084.0,6942.35,1,6983.0,-0.0143,False,6942.35,7084.0,14,6980.0
MARUTI-EQ,10999.0,9575.0,9432.55,-1,9569.0,-0.0143,False,9432.55,9575.0,10,9567.2
TRENT-EQ,1964.0,1773.2,1749.45,-1,1774.95,-0.0144,False,1749.45,1774.95,56,1770.6
TRITURBINE-EQ,25584.0,405.55,399.0,-1,404.85,-0.0144,False,399.0,405.55,247,403.35
NATCOPHARM-EQ,3918.0,698.5,687.8,-1,697.9,-0.0145,False,687.8,698.5,143,693.8
RAYMOND-EQ,2859.0,1697.0,1675.0,-1,1699.9,-0.0146,False,1675.0,1699.9,58,1694.9
GALAXYSURF-EQ,1315.0,2705.0,2642.9,1,2665.2,-0.0147,False,2642.9,2705.0,37,2664.05
NTPC-EQ,11630.0,190.6,185.3,-1,188.1,-0.0149,False,185.3,190.6,531,189.55
PHOENIXLTD-EQ,14552.0,1558.55,1522.05,-1,1545.1,-0.0149,False,1522.05,1558.55,64,1554.45
GMRINFRA-EQ,13528.0,43.3,42.4,1,42.65,-0.015,False,42.4,43.3,2344,43.0
KANSAINER-EQ,1196.0,461.0,453.05,-1,459.95,-0.015,False,453.05,461.0,217,460.45
UNOMINDA-EQ,14154.0,583.75,571.5,1,575.0,-0.015,False,571.5,583.75,173,577.0
WELSPUNIND-EQ,11253.0,95.05,93.0,1,93.6,-0.0153,False,93.0,95.05,1068,93.2
FEDERALBNK-EQ,1023.0,124.25,121.65,1,122.35,-0.0153,False,121.65,124.25,817,122.6
HEG-EQ,1336.0,1624.0,1586.1,1,1598.95,-0.0154,False,1586.1,1624.0,62,1599.4
NIACL-EQ,399.0,119.8,116.9,1,117.95,-0.0154,False,116.9,119.8,847,117.6
JAMNAAUTO-EQ,20778.0,104.0,101.15,1,102.4,-0.0154,False,101.15,104.0,976,101.9
SONATSOFTW-EQ,6596.0,1030.0,1000.2,-1,1016.0,-0.0156,False,1000.2,1030.0,98,1020.35
PFIZER-EQ,2643.0,3845.0,3790.0,-1,3850.0,-0.0156,False,3790.0,3850.0,25,3859.9
CENTRALBK-EQ,14894.0,28.9,28.2,1,28.45,-0.0156,False,28.2,28.9,3514,28.45
MOTHERSON-EQ,4204.0,86.4,84.55,-1,85.9,-0.0157,False,84.55,86.4,1164,85.65
JUBLFOOD-EQ,18096.0,501.15,487.3,-1,495.1,-0.0158,False,487.3,501.15,201,496.5
PATANJALI-BE,17030.0,1193.7,1171.2,-1,1190.0,-0.0158,False,1171.2,1193.7,84,1190.0
ICICIPRULI-EQ,18652.0,583.3,571.35,1,574.0,-0.0159,False,571.35,583.3,174,567.1
ROUTE-EQ,128.0,1622.0,1586.05,1,1596.1,-0.016,False,1586.05,1622.0,62,1607.5
IPCALAB-EQ,1633.0,748.0,734.1,-1,746.0,-0.016,False,734.1,748.0,134,747.65
DEEPAKNTR-EQ,19943.0,2215.9,2172.5,1,2180.15,-0.0161,False,2172.5,2215.9,45,2184.9
SUPRAJIT-EQ,11689.0,400.1,390.4,1,393.65,-0.0161,False,390.4,400.1,254,392.9
BORORENEW-EQ,3149.0,515.3,505.0,1,506.95,-0.0162,False,505.0,515.3,197,509.05
LTIM-EQ,17818.0,5210.0,5063.05,1,5125.0,-0.0163,False,5063.05,5210.0,19,5126.05
MGL-EQ,17534.0,1052.4,1028.2,1,1035.1,-0.0164,False,1028.2,1052.4,96,1043.45
POWERINDIA-EQ,18457.0,4207.95,4109.0,1,4138.55,-0.0165,False,4109.0,4207.95,24,4174.1
COALINDIA-EQ,20374.0,227.65,224.15,-1,227.9,-0.0165,False,224.15,227.9,438,227.25
SWSOLAR-EQ,12489.0,295.9,288.05,1,291.0,-0.0166,False,288.05,295.9,343,292.45
NUVOCO-EQ,5426.0,349.5,342.05,1,343.7,-0.0166,False,342.05,349.5,290,344.75
KRBL-EQ,10577.0,350.65,343.1,1,344.8,-0.0167,False,343.1,350.65,290,345.35
PGHH-EQ,2535.0,14505.0,14255.3,-1,14496.8,-0.0167,False,14255.3,14505.0,6,14415.4
ORIENTELEC-EQ,2972.0,238.0,232.0,1,234.0,-0.0168,False,232.0,238.0,427,233.25
KIMS-EQ,4847.0,1825.0,1780.0,1,1794.3,-0.0168,False,1780.0,1825.0,55,1796.45
CYIENT-EQ,5748.0,1488.9,1456.05,1,1463.8,-0.0169,False,1456.05,1488.9,68,1485.0
CANFINHOME-EQ,583.0,799.5,778.95,1,785.95,-0.0169,False,778.95,799.5,127,784.95
GODREJPROP-EQ,17875.0,1595.3,1563.15,-1,1590.0,-0.0169,False,1563.15,1595.3,62,1588.75
BLUESTARCO-EQ,8311.0,781.5,765.0,1,768.3,-0.0169,False,765.0,781.5,130,769.65
SBICARD-EQ,17971.0,874.7,851.75,1,859.9,-0.0169,False,851.75,874.7,116,857.45
PIIND-EQ,24184.0,3908.9,3831.1,-1,3897.5,-0.017,False,3831.1,3908.9,25,3886.3
CUB-EQ,5701.0,125.65,122.6,1,123.5,-0.0171,False,122.6,125.65,809,123.4
ZENSARTECH-EQ,1076.0,389.95,380.55,1,383.2,-0.0173,False,380.55,389.95,260,389.9
LALPATHLAB-EQ,11654.0,2248.9,2195.15,1,2209.9,-0.0173,False,2195.15,2248.9,45,2240.0
AMARAJABAT-EQ,100.0,660.45,648.5,-1,660.0,-0.0174,False,648.5,660.45,151,658.05
TATACOMM-EQ,3721.0,1592.0,1560.4,-1,1588.0,-0.0174,False,1560.4,1592.0,62,1517.0
ACC-EQ,22.0,1826.9,1788.0,-1,1819.95,-0.0176,False,1788.0,1826.9,54,1820.2
OFSS-EQ,10738.0,3850.0,3782.3,-1,3850.0,-0.0176,False,3782.3,3850.0,25,3834.6
MRPL-EQ,2283.0,79.4,77.2,1,78.0,-0.0176,False,77.2,79.4,1282,77.5
TRIDENT-EQ,9685.0,34.1,33.3,1,33.5,-0.0176,False,33.3,34.1,2985,33.55
HAL-EQ,2303.0,3745.0,3666.0,-1,3731.9,-0.0177,False,3666.0,3745.0,26,3736.95
IEX-EQ,220.0,129.3,126.2,1,127.0,-0.0178,False,126.2,129.3,787,127.35
WHIRLPOOL-EQ,18011.0,1476.5,1451.8,1,1450.15,-0.0178,False,1450.15,1476.5,68,1465.0
CONCOR-EQ,4749.0,658.3,646.25,-1,658.0,-0.0179,False,646.25,658.3,151,658.0
RADICO-EQ,10990.0,1235.15,1205.5,1,1213.0,-0.0179,False,1205.5,1235.15,82,1217.65
JINDWORLD-EQ,20642.0,320.75,312.7,1,314.95,-0.0181,False,312.7,320.75,317,316.3
BPCL-EQ,526.0,366.8,359.2,-1,365.85,-0.0182,False,359.2,366.8,273,366.4
EIDPARRY-EQ,916.0,472.6,463.0,1,464.0,-0.0182,False,463.0,472.6,215,466.7
YESBANK-EQ,11915.0,16.35,15.95,-1,16.25,-0.0185,False,15.95,16.35,6153,16.3
BHARTIARTL-EQ,10604.0,873.6,863.6,-1,880.0,-0.0186,False,863.6,880.0,113,873.5
GAEL-EQ,8828.0,244.75,239.5,1,240.15,-0.0188,False,239.5,244.75,416,239.45
RELIANCE-EQ,2885.0,2537.85,2497.85,-1,2546.4,-0.0191,False,2497.85,2546.4,39,2543.6
INDUSINDBK-EQ,5258.0,1346.95,1316.25,-1,1341.9,-0.0191,False,1316.25,1346.95,74,1340.55
SUNDRMFAST-EQ,3345.0,1216.05,1190.55,-1,1213.85,-0.0192,False,1190.55,1216.05,82,1213.2
HGS-EQ,14712.0,1089.95,1065.1,1,1069.05,-0.0192,False,1065.1,1089.95,93,1075.25
LXCHEM-EQ,2841.0,266.85,260.0,1,261.7,-0.0193,False,260.0,266.85,382,262.65
GODREJIND-EQ,10925.0,515.0,500.15,1,505.0,-0.0194,False,500.15,515.0,198,507.55
JYOTHYLAB-EQ,15146.0,217.0,210.75,1,212.8,-0.0194,False,210.75,217.0,469,213.3
INTELLECT-EQ,5926.0,624.6,609.45,-1,621.6,-0.0195,False,609.45,624.6,160,626.4
AWL-EQ,8110.0,416.5,407.3,-1,415.4,-0.0195,False,407.3,416.5,240,417.1
TIINDIA-EQ,312.0,3213.9,3126.55,1,3150.9,-0.0196,False,3126.55,3213.9,31,3127.75
NCC-EQ,2319.0,122.7,119.2,1,120.3,-0.0196,False,119.2,122.7,831,120.95
DCMSHRIRAM-EQ,811.0,921.6,897.2,1,903.35,-0.0198,False,897.2,921.6,110,906.7
RAINBOW-EQ,9408.0,979.85,963.0,-1,982.45,-0.0198,False,963.0,982.45,101,984.5
TITAN-EQ,3506.0,3044.4,2985.05,-1,3046.0,-0.02,False,2985.05,3046.0,32,3051.55
MAPMYINDIA-EQ,7227.0,1239.4,1210.35,-1,1235.0,-0.02,False,1210.35,1239.4,80,1238.0
ZFCVINDIA-EQ,16915.0,12247.95,11932.05,-1,12177.0,-0.0201,False,11932.05,12247.95,8,12177.0
JINDALSTEL-EQ,6733.0,588.0,575.0,1,576.1,-0.0202,False,575.0,588.0,173,577.2
TCNSBRANDS-EQ,4172.0,424.0,414.2,1,415.45,-0.0202,False,414.2,424.0,240,417.7
LUPIN-EQ,10440.0,894.0,873.05,-1,891.1,-0.0203,False,873.05,894.0,112,891.9
ENDURANCE-EQ,18822.0,1603.0,1557.7,-1,1590.0,-0.0203,False,1557.7,1603.0,62,1599.35
HFCL-EQ,21951.0,66.35,64.6,1,65.0,-0.0203,False,64.6,66.35,1538,65.35
INFY-EQ,1594.0,1296.7,1281.4,-1,1308.2,-0.0205,False,1281.4,1308.2,76,1311.0
WELCORP-EQ,11821.0,268.8,262.05,1,263.3,-0.0205,False,262.05,268.8,379,263.95
RHIM-EQ,31163.0,674.0,655.0,1,660.0,-0.0208,False,655.0,674.0,151,662.1
KPITTECH-EQ,9683.0,1106.6,1076.55,-1,1099.5,-0.0209,False,1076.55,1106.6,90,1089.8
RITES-EQ,3761.0,385.15,376.75,1,377.05,-0.021,False,376.75,385.15,265,375.0
VARROC-EQ,3857.0,341.4,331.65,-1,338.8,-0.0211,False,331.65,341.4,295,338.15
GLAXO-EQ,1153.0,1449.85,1422.0,1,1419.0,-0.0213,False,1419.0,1449.85,70,1412.3
ALKEM-EQ,11703.0,3459.8,3395.0,-1,3469.35,-0.0214,False,3395.0,3469.35,28,3474.9
IOC-EQ,1624.0,91.15,89.0,-1,90.95,-0.0214,False,89.0,91.15,1099,90.85
SIEMENS-EQ,3150.0,3781.6,3682.3,-1,3764.0,-0.0217,False,3682.3,3781.6,26,3734.05
DRREDDY-EQ,881.0,5119.4,5004.35,-1,5116.0,-0.0218,False,5004.35,5119.4,19,5125.65
TATAMOTORS-EQ,3456.0,590.0,575.5,-1,588.35,-0.0218,False,575.5,590.0,169,590.7
CAMS-EQ,342.0,2166.95,2140.05,-1,2188.0,-0.0219,False,2140.05,2188.0,45,2184.8
VMART-EQ,29284.0,2160.05,2112.05,-1,2159.8,-0.0221,False,2112.05,2160.05,46,2158.05
FINPIPE-EQ,1041.0,176.95,172.0,1,173.0,-0.0223,False,172.0,176.95,578,174.0
PRAJIND-EQ,2705.0,381.6,372.45,-1,381.0,-0.0224,False,372.45,381.6,262,382.05
NAVINFLUOR-EQ,14672.0,4498.05,4403.75,-1,4505.0,-0.0225,False,4403.75,4505.0,22,4496.95
ASHOKLEY-EQ,212.0,166.85,163.0,-1,166.8,-0.0228,False,163.0,166.85,599,167.3
AIAENG-EQ,13086.0,3330.55,3240.0,1,3251.2,-0.0238,False,3240.0,3330.55,30,3242.15
MHRIL-EQ,17333.0,301.4,293.0,-1,300.15,-0.0238,False,293.0,301.4,333,300.95
FLUOROCHEM-EQ,13750.0,3030.0,2942.0,1,2958.0,-0.0238,False,2942.0,3030.0,33,2941.1
CHEMPLASTS-EQ,5449.0,452.3,440.1,1,441.5,-0.0239,False,440.1,452.3,226,445.0
NLCINDIA-EQ,8585.0,102.5,100.4,-1,103.0,-0.0252,False,100.4,103.0,970,103.9
HDFCBANK-EQ,1333.0,1679.9,1660.5,-1,1704.0,-0.0255,False,1660.5,1704.0,58,1691.65
POLYMED-EQ,25718.0,1158.3,1133.15,-1,1164.0,-0.0265,False,1133.15,1164.0,85,1155.05
ONGC-EQ,2475.0,160.15,156.55,-1,161.0,-0.0276,False,156.55,161.0,621,159.55
CERA-EQ,15039.0,7789.6,7573.8,-1,7790.0,-0.0278,False,7573.8,7790.0,12,7844.5
BANKBARODA-EQ,4668.0,191.95,189.2,1,186.6,-0.0279,False,186.6,191.95,535,186.5
STARHEALTH-EQ,7083.0,574.0,559.45,-1,576.0,-0.0287,False,559.45,576.0,173,579.6
FINEORG-EQ,3744.0,4950.0,4832.0,-1,4975.0,-0.0287,False,4832.0,4975.0,20,4951.05
CCL-EQ,11452.0,666.95,648.7,-1,669.0,-0.0303,False,648.7,669.0,149,664.4
NYKAA-EQ,6545.0,149.75,147.0,1,145.0,-0.0317,False,145.0,149.75,689,147.05
CARBORUNIV-EQ,595.0,1193.0,1160.55,-1,1199.0,-0.0321,False,1160.55,1199.0,83,1199.9
ATGL-EQ,6066.0,658.9,643.0,-1,664.6,-0.0325,False,643.0,664.6,150,666.2
POWERGRID-EQ,14977.0,252.5,246.45,-1,256.5,-0.0392,False,246.45,256.5,389,255.1
